"RMSE_IDW","RMSE_OK","RMSE_TPS","RMSE_E","N_folds"
0.257549369017586,0.254024051995511,0.273107238036874,0.25687093184939,5
